,mean_fit_time,std_fit_time,mean_score_time,std_score_time,param_svm__alpha,param_svm__average,param_svm__eta0,param_svm__learning_rate,param_svm__loss,param_svm__n_iter_no_change,param_svm__penalty,param_svm__power_t,params,split0_test_score,split1_test_score,split2_test_score,split3_test_score,split4_test_score,split5_test_score,split6_test_score,split7_test_score,split8_test_score,split9_test_score,mean_test_score,std_test_score,rank_test_score
0,50.507702589035034,3.1393689808969234,0.7035094261169433,0.2441727678084158,0.4101629484574285,False,9.32935130848986,optimal,hinge,11,l1,3.723570747533061,"OrderedDict([('svm__alpha', 0.4101629484574285), ('svm__average', False), ('svm__eta0', 9.32935130848986), ('svm__learning_rate', 'optimal'), ('svm__loss', 'hinge'), ('svm__n_iter_no_change', 11), ('svm__penalty', 'l1'), ('svm__power_t', 3.723570747533061)])",0.12513724455297895,0.10084941582973436,0.07425640456951862,0.08934240259763838,0.1402961430603762,0.1476500699231369,0.10033428320911882,0.14568285281005616,0.19851093450088358,0.1003288031565103,0.12223885542099525,0.03485557082848065,41
1,285.3120768547058,7.236910880923739,0.7469248533248901,0.23831288287727942,0.837404616717729,False,3.041066997742908,adaptive,hinge,6,l2,1.832578248379249,"OrderedDict([('svm__alpha', 0.837404616717729), ('svm__average', False), ('svm__eta0', 3.041066997742908), ('svm__learning_rate', 'adaptive'), ('svm__loss', 'hinge'), ('svm__n_iter_no_change', 6), ('svm__penalty', 'l2'), ('svm__power_t', 1.832578248379249)])",0.7303903371588648,0.7094691582584282,0.7199255601789114,0.7326744062018458,0.7361480478971308,0.7226465430484645,0.7371899654616579,0.7300231542875834,0.7007977681607898,0.7233357023008059,0.7242600642954482,0.011142697890507584,32
2,37.721318173408505,1.0709407335537136,0.995189619064331,0.05535441521369103,0.4448880290499217,False,1.0575429939415089,invscaling,hinge,12,l2,3.782607403568433,"OrderedDict([('svm__alpha', 0.4448880290499217), ('svm__average', False), ('svm__eta0', 1.0575429939415089), ('svm__learning_rate', 'invscaling'), ('svm__loss', 'hinge'), ('svm__n_iter_no_change', 12), ('svm__penalty', 'l2'), ('svm__power_t', 3.782607403568433)])",0.1,0.1,0.1,0.1,0.1,0.1,0.1,0.1,0.1,0.1,0.1,0.0,43
3,360.0847620010376,13.765164058136385,0.7654182434082031,0.2333661751314999,0.8124147487585276,True,5.984490304346159,adaptive,hinge,6,elasticnet,4.3758887312187165,"OrderedDict([('svm__alpha', 0.8124147487585276), ('svm__average', True), ('svm__eta0', 5.984490304346159), ('svm__learning_rate', 'adaptive'), ('svm__loss', 'hinge'), ('svm__n_iter_no_change', 6), ('svm__penalty', 'elasticnet'), ('svm__power_t', 4.3758887312187165)])",0.01638823474441962,0.0022571909038322647,0.022839964203309224,0.015113938211428726,0.0071958441226577545,0.013289007586031399,0.018392949551685557,0.008803081173073593,0.011770794466290457,0.01179668721749383,0.012784769218022244,0.005578056656092553,49
4,596.8061816692352,44.25272777765079,0.5573247194290161,0.05739912591105796,0.7995734862630124,True,5.2709361689056475,adaptive,hinge,16,l1,3.286392098564037,"OrderedDict([('svm__alpha', 0.7995734862630124), ('svm__average', True), ('svm__eta0', 5.2709361689056475), ('svm__learning_rate', 'adaptive'), ('svm__loss', 'hinge'), ('svm__n_iter_no_change', 16), ('svm__penalty', 'l1'), ('svm__power_t', 3.286392098564037)])",0.015717387124865374,0.005047482859043879,0.01604742737375118,0.007882985413615849,0.006236391166938057,0.0077257221977425974,0.014499669614803307,0.006621174857249968,0.025293593387391417,0.007842736613849911,0.011291457060925153,0.006092116362468442,50
5,55.08714654445648,2.615906604357853,0.5990721464157105,0.12777994036228818,0.7340546151837698,False,1.644435714599117,optimal,hinge,11,l1,2.720349284593565,"OrderedDict([('svm__alpha', 0.7340546151837698), ('svm__average', False), ('svm__eta0', 1.644435714599117), ('svm__learning_rate', 'optimal'), ('svm__loss', 'hinge'), ('svm__n_iter_no_change', 11), ('svm__penalty', 'l1'), ('svm__power_t', 2.720349284593565)])",0.1,0.1,0.1,0.1,0.1,0.1,0.1,0.1,0.1,0.1,0.1,0.0,43
6,477.6861216783524,33.17189865999359,0.7754997491836548,0.2124108211001054,0.6171176505664661,False,3.596639089894825,adaptive,hinge,14,l1,2.1682046711584175,"OrderedDict([('svm__alpha', 0.6171176505664661), ('svm__average', False), ('svm__eta0', 3.596639089894825), ('svm__learning_rate', 'adaptive'), ('svm__loss', 'hinge'), ('svm__n_iter_no_change', 14), ('svm__penalty', 'l1'), ('svm__power_t', 2.1682046711584175)])",0.1,0.1,0.1,0.1,0.1,0.1,0.1,0.1,0.1,0.1,0.1,0.0,43
7,208.50232434272766,13.413583933357945,0.8061376333236694,0.2037068970427662,0.5434487273835436,False,4.9697023689312,adaptive,hinge,6,l1,0.22642531676225333,"OrderedDict([('svm__alpha', 0.5434487273835436), ('svm__average', False), ('svm__eta0', 4.9697023689312), ('svm__learning_rate', 'adaptive'), ('svm__loss', 'hinge'), ('svm__n_iter_no_change', 6), ('svm__penalty', 'l1'), ('svm__power_t', 0.22642531676225333)])",0.1,0.1,0.1,0.1,0.1,0.1,0.1,0.1,0.1,0.1,0.1,0.0,43
8,28.54082610607147,1.4856434269132055,0.76399667263031,0.22381007905292147,0.9554824385112973,False,8.717802765347518,invscaling,hinge,8,l2,1.9163588895472519,"OrderedDict([('svm__alpha', 0.9554824385112973), ('svm__average', False), ('svm__eta0', 8.717802765347518), ('svm__learning_rate', 'invscaling'), ('svm__loss', 'hinge'), ('svm__n_iter_no_change', 8), ('svm__penalty', 'l2'), ('svm__power_t', 1.9163588895472519)])",0.5445818817182222,0.513297629644166,0.5224889956727417,0.5054522583176257,0.5732987861791534,0.5677221387157216,0.5233441184357,0.532267887780912,0.5313896888150875,0.5167760292526076,0.5330619414531939,0.021402910429705886,40
9,29.894496655464174,1.2919208579185484,0.6067092180252075,0.20709086151974143,0.003729944224017752,False,7.415414616236593,optimal,hinge,9,l2,0.8477134755083772,"OrderedDict([('svm__alpha', 0.003729944224017752), ('svm__average', False), ('svm__eta0', 7.415414616236593), ('svm__learning_rate', 'optimal'), ('svm__loss', 'hinge'), ('svm__n_iter_no_change', 9), ('svm__penalty', 'l2'), ('svm__power_t', 0.8477134755083772)])",0.9120531930765609,0.9163779186590023,0.9080788930175887,0.9152064110068988,0.9144175692703225,0.9103426766743243,0.9163673774065255,0.9182422098983316,0.9082072566812972,0.9154660804654101,0.9134759586156262,0.003406901256761873,29
10,113.99785473346711,4.2904311142895555,0.6578224658966064,0.19662417196895512,1.0,True,0.01,adaptive,hinge,5,l2,0.1,"OrderedDict([('svm__alpha', 1.0), ('svm__average', True), ('svm__eta0', 0.01), ('svm__learning_rate', 'adaptive'), ('svm__loss', 'hinge'), ('svm__n_iter_no_change', 5), ('svm__penalty', 'l2'), ('svm__power_t', 0.1)])",0.6920875005113548,0.6789148026347249,0.6899551284206871,0.7028389937112461,0.6762268240906683,0.6189600745570839,0.6584233617529117,0.6761308591781728,0.6633132943153812,0.6637475859180676,0.6720598425090298,0.02213767503848194,39
11,396.46562564373016,16.730720619315886,0.9224955081939697,0.1965306877828636,0.2659320414854062,True,0.01,adaptive,hinge,20,l2,5.0,"OrderedDict([('svm__alpha', 0.2659320414854062), ('svm__average', True), ('svm__eta0', 0.01), ('svm__learning_rate', 'adaptive'), ('svm__loss', 'hinge'), ('svm__n_iter_no_change', 20), ('svm__penalty', 'l2'), ('svm__power_t', 5.0)])",0.7501131545012013,0.7589042075527429,0.7569240668939461,0.7532128613003903,0.7533221153429581,0.7438140571486762,0.7473724053330869,0.7579639059281045,0.7427156131087823,0.7470352702728089,0.7511377657382697,0.005532631316402086,31
12,49.81823735237121,2.876514501285832,0.6787989139556885,0.21512320928619275,0.054601644952847625,False,9.348808255911223,invscaling,hinge,12,l1,2.265006657323693,"OrderedDict([('svm__alpha', 0.054601644952847625), ('svm__average', False), ('svm__eta0', 9.348808255911223), ('svm__learning_rate', 'invscaling'), ('svm__loss', 'hinge'), ('svm__n_iter_no_change', 12), ('svm__penalty', 'l1'), ('svm__power_t', 2.265006657323693)])",0.1,0.1,0.1,0.1,0.1,0.1,0.1,0.1,0.1,0.1,0.1,0.0,43
13,74.85935089588165,3.198063227628052,0.9189756870269775,0.20529030617670757,0.0001,True,10.0,optimal,hinge,20,l2,5.0,"OrderedDict([('svm__alpha', 0.0001), ('svm__average', True), ('svm__eta0', 10.0), ('svm__learning_rate', 'optimal'), ('svm__loss', 'hinge'), ('svm__n_iter_no_change', 20), ('svm__penalty', 'l2'), ('svm__power_t', 5.0)])",0.9366237802153876,0.9437185202937327,0.9354096003710248,0.9432034456738967,0.9380498892285016,0.9416140780337254,0.9394023427940195,0.9302345207236197,0.9128616334780449,0.9408013064489843,0.9361919117260937,0.008664916111469783,24
14,265.19043295383455,11.656582085947568,0.9328603267669677,0.18053097076924482,0.2406307620948692,False,10.0,adaptive,hinge,5,l2,0.1,"OrderedDict([('svm__alpha', 0.2406307620948692), ('svm__average', False), ('svm__eta0', 10.0), ('svm__learning_rate', 'adaptive'), ('svm__loss', 'hinge'), ('svm__n_iter_no_change', 5), ('svm__penalty', 'l2'), ('svm__power_t', 0.1)])",0.7147804584175297,0.709482647247356,0.7236063936194076,0.7149738877750742,0.7202444730265886,0.7191898100579001,0.7285721149554383,0.7188201184738582,0.6978000357605294,0.718453467115374,0.7165923406449057,0.007942445503191729,34
15,31.24468379020691,1.5361714951821508,0.686617398262024,0.13392061331810792,1.0,True,2.285622096985182,invscaling,hinge,5,elasticnet,2.095670901289531,"OrderedDict([('svm__alpha', 1.0), ('svm__average', True), ('svm__eta0', 2.285622096985182), ('svm__learning_rate', 'invscaling'), ('svm__loss', 'hinge'), ('svm__n_iter_no_change', 5), ('svm__penalty', 'elasticnet'), ('svm__power_t', 2.095670901289531)])",0.1,0.1,0.1,0.1,0.1,0.1,0.1,0.1,0.1,0.1,0.1,0.0,43
16,75.74996864795685,3.6519686506760327,0.858967399597168,0.20039116104781554,0.0001,True,7.541865246881573,optimal,hinge,20,l2,5.0,"OrderedDict([('svm__alpha', 0.0001), ('svm__average', True), ('svm__eta0', 7.541865246881573), ('svm__learning_rate', 'optimal'), ('svm__loss', 'hinge'), ('svm__n_iter_no_change', 20), ('svm__penalty', 'l2'), ('svm__power_t', 5.0)])",0.9366237802153876,0.9437185202937327,0.9354096003710248,0.9432034456738967,0.9380498892285016,0.9416140780337254,0.9394023427940195,0.9302345207236197,0.9128616334780449,0.9408013064489843,0.9361919117260937,0.008664916111469783,24
17,105.6545669078827,5.869635112122748,0.8341721534729004,0.21849086287283706,0.0001,True,0.01,adaptive,hinge,5,l2,0.1,"OrderedDict([('svm__alpha', 0.0001), ('svm__average', True), ('svm__eta0', 0.01), ('svm__learning_rate', 'adaptive'), ('svm__loss', 'hinge'), ('svm__n_iter_no_change', 5), ('svm__penalty', 'l2'), ('svm__power_t', 0.1)])",0.9388895237867312,0.9426331176487043,0.9363166726317542,0.9429435812480115,0.9400334463169356,0.9396827722422554,0.9389064479411766,0.9423084421360268,0.9342530872244824,0.938971438863495,0.9394938530039573,0.002618160556373757,18
18,207.4871236562729,9.12908372859655,0.8800989627838135,0.1799816207031476,0.0001,True,10.0,adaptive,hinge,5,l2,5.0,"OrderedDict([('svm__alpha', 0.0001), ('svm__average', True), ('svm__eta0', 10.0), ('svm__learning_rate', 'adaptive'), ('svm__loss', 'hinge'), ('svm__n_iter_no_change', 5), ('svm__penalty', 'l2'), ('svm__power_t', 5.0)])",0.8067981294556812,0.8360959754781672,0.8262108082524204,0.7935759195368124,0.8228376240488599,0.8174474941048266,0.8086486308277111,0.8191522780449227,0.8058730267187469,0.827185152629237,0.8163825039097385,0.011977690110728492,30
19,75.02321398258209,3.301830329189459,0.6518352508544922,0.18597019324252576,0.0001,True,0.01,optimal,hinge,20,l2,0.1,"OrderedDict([('svm__alpha', 0.0001), ('svm__average', True), ('svm__eta0', 0.01), ('svm__learning_rate', 'optimal'), ('svm__loss', 'hinge'), ('svm__n_iter_no_change', 20), ('svm__penalty', 'l2'), ('svm__power_t', 0.1)])",0.9366237802153876,0.9437185202937327,0.9354096003710248,0.9432034456738967,0.9380498892285016,0.9416140780337254,0.9394023427940195,0.9302345207236197,0.9128616334780449,0.9408013064489843,0.9361919117260937,0.008664916111469783,24
20,21.23978970050812,0.50641285416402,0.911167311668396,0.16365976852075795,0.8594469937540504,False,10.0,optimal,hinge,5,l2,0.1,"OrderedDict([('svm__alpha', 0.8594469937540504), ('svm__average', False), ('svm__eta0', 10.0), ('svm__learning_rate', 'optimal'), ('svm__loss', 'hinge'), ('svm__n_iter_no_change', 5), ('svm__penalty', 'l2'), ('svm__power_t', 0.1)])",0.7174717989699985,0.703773111484501,0.7120264197271838,0.7038137691994474,0.7313938094014192,0.7162346468425687,0.7338349807204612,0.7191536326812178,0.6922929447408654,0.7162610476162304,0.7146256161383893,0.011934053061008393,37
21,22.801164746284485,1.2725344752983199,0.872239637374878,0.18059185547531773,0.1361243141332373,True,10.0,optimal,hinge,5,l2,0.1,"OrderedDict([('svm__alpha', 0.1361243141332373), ('svm__average', True), ('svm__eta0', 10.0), ('svm__learning_rate', 'optimal'), ('svm__loss', 'hinge'), ('svm__n_iter_no_change', 5), ('svm__penalty', 'l2'), ('svm__power_t', 0.1)])",0.7320867748569159,0.712249831871395,0.7227931041482005,0.7175228760006638,0.7376427694892037,0.7230782616954893,0.7385946094890844,0.730006583180025,0.7013907621380712,0.726188961602557,0.7241554534471606,0.010948315267036223,33
22,42.38907866477966,2.616369256252466,0.6822222232818603,0.14842074374970982,0.0001,False,0.01,optimal,hinge,9,l2,0.1,"OrderedDict([('svm__alpha', 0.0001), ('svm__average', False), ('svm__eta0', 0.01), ('svm__learning_rate', 'optimal'), ('svm__loss', 'hinge'), ('svm__n_iter_no_change', 9), ('svm__penalty', 'l2'), ('svm__power_t', 0.1)])",0.940386349266138,0.9478832821516031,0.9405287368219802,0.9333989068707987,0.9423441517135256,0.9385898827512282,0.9355413331227661,0.9414962839708115,0.9291956757745112,0.9330576871052998,0.9382422289548662,0.005194063824652067,22
23,65.15408909320831,1.8091921942627536,0.9438360452651977,0.15003211944092565,0.0001,False,9.339673789709579,optimal,hinge,20,l2,0.1,"OrderedDict([('svm__alpha', 0.0001), ('svm__average', False), ('svm__eta0', 9.339673789709579), ('svm__learning_rate', 'optimal'), ('svm__loss', 'hinge'), ('svm__n_iter_no_change', 20), ('svm__penalty', 'l2'), ('svm__power_t', 0.1)])",0.9353033901330834,0.9455243379306312,0.9364409417375482,0.9428793730687772,0.934474293684534,0.938303849803536,0.9372087890646531,0.9420710428417705,0.9405211131405876,0.9379800787314858,0.9390707210136607,0.00338733845374388,20
24,1169.119232916832,52.52539633211244,0.832704734802246,0.2140584260850798,0.5489262108639494,False,10.0,adaptive,hinge,20,l2,0.1,"OrderedDict([('svm__alpha', 0.5489262108639494), ('svm__average', False), ('svm__eta0', 10.0), ('svm__learning_rate', 'adaptive'), ('svm__loss', 'hinge'), ('svm__n_iter_no_change', 20), ('svm__penalty', 'l2'), ('svm__power_t', 0.1)])",0.714441970036414,0.7092310092756001,0.721826542906202,0.7148115659295526,0.7231142820125587,0.7060839175729654,0.7365022046560873,0.7186993144568147,0.6990534701210288,0.7165142205506545,0.7160278497517878,0.009734565248380147,36
25,55.26847891807556,1.7195150100390555,0.6840594053268433,0.2021830594068907,0.0001,False,0.01,optimal,hinge,15,l2,0.1,"OrderedDict([('svm__alpha', 0.0001), ('svm__average', False), ('svm__eta0', 0.01), ('svm__learning_rate', 'optimal'), ('svm__loss', 'hinge'), ('svm__n_iter_no_change', 15), ('svm__penalty', 'l2'), ('svm__power_t', 0.1)])",0.9386728822223693,0.9399701119084005,0.936715097254235,0.9330513598601845,0.9388631394429356,0.9411349112866338,0.9380557701953218,0.9426577024130667,0.9392099245141676,0.9319365595197772,0.9380267458617093,0.003177517594737468,23
26,56.52338922023773,2.133463335551349,0.7895554065704345,0.19402304759656452,1.0,False,10.0,optimal,hinge,20,l2,5.0,"OrderedDict([('svm__alpha', 1.0), ('svm__average', False), ('svm__eta0', 10.0), ('svm__learning_rate', 'optimal'), ('svm__loss', 'hinge'), ('svm__n_iter_no_change', 20), ('svm__penalty', 'l2'), ('svm__power_t', 5.0)])",0.7256926321156076,0.7035292629540251,0.7113540952717118,0.7053207887230825,0.7308644925018009,0.7178267957961216,0.7410678188570412,0.7193176737525435,0.6927574905328102,0.7162834083802674,0.7164014458885012,0.01336963793175705,35
27,55.80461776256561,1.4319220049630283,0.914705777168274,0.15338006448154912,0.6149332123803611,False,10.0,optimal,hinge,20,l2,5.0,"OrderedDict([('svm__alpha', 0.6149332123803611), ('svm__average', False), ('svm__eta0', 10.0), ('svm__learning_rate', 'optimal'), ('svm__loss', 'hinge'), ('svm__n_iter_no_change', 20), ('svm__penalty', 'l2'), ('svm__power_t', 5.0)])",0.7234605898545186,0.7032173462182765,0.7103467481643253,0.7046471923376013,0.7336966177879953,0.7151085910244592,0.7284835169926259,0.7190083997422126,0.6921618658585589,0.7158483136866263,0.7145979181667199,0.011863292152007359,38
28,319.94686431884764,7.776446176666877,0.8160166025161744,0.206718622030381,0.0001,False,0.01,adaptive,hinge,19,l2,0.1,"OrderedDict([('svm__alpha', 0.0001), ('svm__average', False), ('svm__eta0', 0.01), ('svm__learning_rate', 'adaptive'), ('svm__loss', 'hinge'), ('svm__n_iter_no_change', 19), ('svm__penalty', 'l2'), ('svm__power_t', 0.1)])",0.9380245294758115,0.9448553980347562,0.932949259865623,0.9422948215030205,0.9399429086650366,0.940463266134533,0.9356325128890836,0.9431362339092949,0.9401724877679021,0.939391070920885,0.9396862489165946,0.0033316879655955678,16
29,113.57414011955261,3.8458108032575713,0.7287729501724243,0.20879578814572597,0.0001,False,0.01,adaptive,hinge,6,l2,0.1,"OrderedDict([('svm__alpha', 0.0001), ('svm__average', False), ('svm__eta0', 0.01), ('svm__learning_rate', 'adaptive'), ('svm__loss', 'hinge'), ('svm__n_iter_no_change', 6), ('svm__penalty', 'l2'), ('svm__power_t', 0.1)])",0.9392302758436364,0.9455509230002382,0.9366670569749094,0.9428288995773266,0.9382532868457654,0.9425215516225846,0.937599185922697,0.9442166970691404,0.9327577770911588,0.9397704174180367,0.9399396071365494,0.003686951357659852,11
30,337.1010864973068,15.247712515547205,0.8306854009628296,0.23848288671797999,0.0001,False,0.01,adaptive,hinge,20,l2,1.462539991698431,"OrderedDict([('svm__alpha', 0.0001), ('svm__average', False), ('svm__eta0', 0.01), ('svm__learning_rate', 'adaptive'), ('svm__loss', 'hinge'), ('svm__n_iter_no_change', 20), ('svm__penalty', 'l2'), ('svm__power_t', 1.462539991698431)])",0.9411529476363631,0.9446553580236193,0.9348156096797242,0.940761035732033,0.9383602725259526,0.9403856715661527,0.9356141575293186,0.9429173886603348,0.9369345394841048,0.9393440230265127,0.9394941003864116,0.0029717159058666553,17
31,45.905144453048706,2.73989103092641,0.89988272190094,0.16849541606816557,0.0001,False,0.01,optimal,hinge,11,l2,5.0,"OrderedDict([('svm__alpha', 0.0001), ('svm__average', False), ('svm__eta0', 0.01), ('svm__learning_rate', 'optimal'), ('svm__loss', 'hinge'), ('svm__n_iter_no_change', 11), ('svm__penalty', 'l2'), ('svm__power_t', 5.0)])",0.9421303593176287,0.9447564876644303,0.9368298065117628,0.9428098955897749,0.9379505794326695,0.9404963913447574,0.9355537760454871,0.9434455330346989,0.9300549420876563,0.9403915553241443,0.939441932635301,0.0042087822549347,19
32,42.90320162773132,2.198775147793209,0.8262719631195068,0.21513445372142947,0.0001,False,0.01,optimal,hinge,10,l2,5.0,"OrderedDict([('svm__alpha', 0.0001), ('svm__average', False), ('svm__eta0', 0.01), ('svm__learning_rate', 'optimal'), ('svm__loss', 'hinge'), ('svm__n_iter_no_change', 10), ('svm__penalty', 'l2'), ('svm__power_t', 5.0)])",0.936951819387646,0.941518838262791,0.932404809992003,0.9383901207818244,0.936034490258425,0.9430999279273313,0.9338110509554658,0.9436993668850974,0.9365302808192257,0.9404278445798597,0.9382868549849668,0.003634191342141085,21
33,57.806457901000975,2.930030169777198,0.7437693834304809,0.21270934209888348,0.0001,False,10.0,invscaling,hinge,20,l2,2.2474927224372796,"OrderedDict([('svm__alpha', 0.0001), ('svm__average', False), ('svm__eta0', 10.0), ('svm__learning_rate', 'invscaling'), ('svm__loss', 'hinge'), ('svm__n_iter_no_change', 20), ('svm__penalty', 'l2'), ('svm__power_t', 2.2474927224372796)])",0.1,0.10158730158730159,0.1,0.1,0.1,0.1,0.1,0.1,0.1,0.1,0.10015873015873016,0.00047619047619047446,42
34,469.11928272247314,24.002472521289732,0.93172767162323,0.13686048177031604,0.0001,False,0.01,adaptive,hinge,20,elasticnet,3.058962537206401,"OrderedDict([('svm__alpha', 0.0001), ('svm__average', False), ('svm__eta0', 0.01), ('svm__learning_rate', 'adaptive'), ('svm__loss', 'hinge'), ('svm__n_iter_no_change', 20), ('svm__penalty', 'elasticnet'), ('svm__power_t', 3.058962537206401)])",0.9396761512060298,0.9452776506312501,0.9354061751242086,0.9426001021994775,0.9373252507687514,0.942143588851929,0.9360751617627429,0.9420223968966216,0.9378542129022186,0.9399813699327708,0.9398362060276,0.0030232829568335516,12
35,475.53210694789885,27.67538945063557,0.7551440000534058,0.24760903865413747,0.0001,False,0.01,adaptive,hinge,20,elasticnet,5.0,"OrderedDict([('svm__alpha', 0.0001), ('svm__average', False), ('svm__eta0', 0.01), ('svm__learning_rate', 'adaptive'), ('svm__loss', 'hinge'), ('svm__n_iter_no_change', 20), ('svm__penalty', 'elasticnet'), ('svm__power_t', 5.0)])",0.9396761512060298,0.9452776506312501,0.9354061751242086,0.9426001021994775,0.9373252507687514,0.942143588851929,0.9360751617627429,0.9420223968966216,0.9378542129022186,0.9399813699327708,0.9398362060276,0.0030232829568335516,12
36,475.9967627763748,35.160465525270574,0.9146900415420532,0.18671590020281492,0.0001,False,0.01,adaptive,hinge,20,elasticnet,3.330336330093626,"OrderedDict([('svm__alpha', 0.0001), ('svm__average', False), ('svm__eta0', 0.01), ('svm__learning_rate', 'adaptive'), ('svm__loss', 'hinge'), ('svm__n_iter_no_change', 20), ('svm__penalty', 'elasticnet'), ('svm__power_t', 3.330336330093626)])",0.9396761512060298,0.9452776506312501,0.9354061751242086,0.9426001021994775,0.9373252507687514,0.942143588851929,0.9360751617627429,0.9420223968966216,0.9378542129022186,0.9399813699327708,0.9398362060276,0.0030232829568335516,12
37,474.5855980634689,26.975563708939266,0.8666696310043335,0.21006176609126379,0.0001,False,0.01,adaptive,hinge,20,elasticnet,2.1565056669556646,"OrderedDict([('svm__alpha', 0.0001), ('svm__average', False), ('svm__eta0', 0.01), ('svm__learning_rate', 'adaptive'), ('svm__loss', 'hinge'), ('svm__n_iter_no_change', 20), ('svm__penalty', 'elasticnet'), ('svm__power_t', 2.1565056669556646)])",0.9396761512060298,0.9452776506312501,0.9354061751242086,0.9426001021994775,0.9373252507687514,0.942143588851929,0.9360751617627429,0.9420223968966216,0.9378542129022186,0.9399813699327708,0.9398362060276,0.0030232829568335516,12
38,406.7921183824539,40.66664778372429,0.8535975933074951,0.1780034168035716,0.0001,False,0.01,adaptive,hinge,20,l1,3.945047470817271,"OrderedDict([('svm__alpha', 0.0001), ('svm__average', False), ('svm__eta0', 0.01), ('svm__learning_rate', 'adaptive'), ('svm__loss', 'hinge'), ('svm__n_iter_no_change', 20), ('svm__penalty', 'l1'), ('svm__power_t', 3.945047470817271)])",0.9482860461609688,0.9515754281308857,0.9453558527472221,0.9461490142772011,0.9430874228630245,0.945905868901036,0.9452854467236357,0.9488309422878605,0.9457314680589199,0.9440040219127607,0.9464211512063516,0.0023674390855397643,1
39,414.1970681667328,23.128515054615665,0.8425501108169555,0.23510971503855216,0.0001,False,0.01,adaptive,hinge,20,l1,2.4963994742184514,"OrderedDict([('svm__alpha', 0.0001), ('svm__average', False), ('svm__eta0', 0.01), ('svm__learning_rate', 'adaptive'), ('svm__loss', 'hinge'), ('svm__n_iter_no_change', 20), ('svm__penalty', 'l1'), ('svm__power_t', 2.4963994742184514)])",0.9482860461609688,0.9515754281308857,0.9453558527472221,0.9461490142772011,0.9430874228630245,0.945905868901036,0.9452854467236357,0.9488309422878605,0.9457314680589199,0.9440040219127607,0.9464211512063516,0.0023674390855397643,1
40,270.1236263036728,118.40372854446892,0.8486295700073242,0.17741108922511087,0.0001,False,0.01,optimal,hinge,20,l1,5.0,"OrderedDict([('svm__alpha', 0.0001), ('svm__average', False), ('svm__eta0', 0.01), ('svm__learning_rate', 'optimal'), ('svm__loss', 'hinge'), ('svm__n_iter_no_change', 20), ('svm__penalty', 'l1'), ('svm__power_t', 5.0)])",0.9172886379357479,0.9457416882469254,0.9442941490782448,0.9444093249059426,0.8828948657275684,0.935344497025009,0.9358493935744123,0.9316234617395562,0.8992717515345385,0.9331441009290019,0.9269861870696948,0.01992214625387651,27
41,428.10938012599945,22.778208307670152,0.8969090700149536,0.18579751532062982,0.0001,False,0.01,adaptive,hinge,20,l1,5.0,"OrderedDict([('svm__alpha', 0.0001), ('svm__average', False), ('svm__eta0', 0.01), ('svm__learning_rate', 'adaptive'), ('svm__loss', 'hinge'), ('svm__n_iter_no_change', 20), ('svm__penalty', 'l1'), ('svm__power_t', 5.0)])",0.9482860461609688,0.9515754281308857,0.9453558527472221,0.9461490142772011,0.9430874228630245,0.945905868901036,0.9452854467236357,0.9488309422878605,0.9457314680589199,0.9440040219127607,0.9464211512063516,0.0023674390855397643,1
42,438.6374917984009,20.677171780925153,0.8476731300354003,0.1851635980201318,0.0001,False,0.01,adaptive,hinge,20,l1,1.0085002885272476,"OrderedDict([('svm__alpha', 0.0001), ('svm__average', False), ('svm__eta0', 0.01), ('svm__learning_rate', 'adaptive'), ('svm__loss', 'hinge'), ('svm__n_iter_no_change', 20), ('svm__penalty', 'l1'), ('svm__power_t', 1.0085002885272476)])",0.9482860461609688,0.9515754281308857,0.9453558527472221,0.9461490142772011,0.9430874228630245,0.945905868901036,0.9452854467236357,0.9488309422878605,0.9457314680589199,0.9440040219127607,0.9464211512063516,0.0023674390855397643,1
43,424.72255504131317,24.199505934290162,0.7748447895050049,0.20154405294572675,0.0001,False,0.01,adaptive,hinge,20,l1,2.7643426740651593,"OrderedDict([('svm__alpha', 0.0001), ('svm__average', False), ('svm__eta0', 0.01), ('svm__learning_rate', 'adaptive'), ('svm__loss', 'hinge'), ('svm__n_iter_no_change', 20), ('svm__penalty', 'l1'), ('svm__power_t', 2.7643426740651593)])",0.9482860461609688,0.9515754281308857,0.9453558527472221,0.9461490142772011,0.9430874228630245,0.945905868901036,0.9452854467236357,0.9488309422878605,0.9457314680589199,0.9440040219127607,0.9464211512063516,0.0023674390855397643,1
44,437.14521968364716,24.590769708321737,0.9864884614944458,0.13408071461020069,0.0001,False,0.01,adaptive,hinge,20,l1,3.646497906428106,"OrderedDict([('svm__alpha', 0.0001), ('svm__average', False), ('svm__eta0', 0.01), ('svm__learning_rate', 'adaptive'), ('svm__loss', 'hinge'), ('svm__n_iter_no_change', 20), ('svm__penalty', 'l1'), ('svm__power_t', 3.646497906428106)])",0.9482860461609688,0.9515754281308857,0.9453558527472221,0.9461490142772011,0.9430874228630245,0.945905868901036,0.9452854467236357,0.9488309422878605,0.9457314680589199,0.9440040219127607,0.9464211512063516,0.0023674390855397643,1
45,447.73602123260497,28.172078517942406,0.8414436340332031,0.1995361380653336,0.0001,False,0.01,adaptive,hinge,20,l1,2.1572798300745544,"OrderedDict([('svm__alpha', 0.0001), ('svm__average', False), ('svm__eta0', 0.01), ('svm__learning_rate', 'adaptive'), ('svm__loss', 'hinge'), ('svm__n_iter_no_change', 20), ('svm__penalty', 'l1'), ('svm__power_t', 2.1572798300745544)])",0.9482860461609688,0.9515754281308857,0.9453558527472221,0.9461490142772011,0.9430874228630245,0.945905868901036,0.9452854467236357,0.9488309422878605,0.9457314680589199,0.9440040219127607,0.9464211512063516,0.0023674390855397643,1
46,454.3551095724106,19.869587526583214,0.9730479955673218,0.16267505131892518,0.0001,False,0.01,adaptive,hinge,20,l1,3.0209333984246296,"OrderedDict([('svm__alpha', 0.0001), ('svm__average', False), ('svm__eta0', 0.01), ('svm__learning_rate', 'adaptive'), ('svm__loss', 'hinge'), ('svm__n_iter_no_change', 20), ('svm__penalty', 'l1'), ('svm__power_t', 3.0209333984246296)])",0.9482860461609688,0.9515754281308857,0.9453558527472221,0.9461490142772011,0.9430874228630245,0.945905868901036,0.9452854467236357,0.9488309422878605,0.9457314680589199,0.9440040219127607,0.9464211512063516,0.0023674390855397643,1
47,264.83436689376833,97.69121686616094,0.8964531898498536,0.16287553291410653,0.0001,False,0.01,optimal,hinge,20,l1,4.9623118789234715,"OrderedDict([('svm__alpha', 0.0001), ('svm__average', False), ('svm__eta0', 0.01), ('svm__learning_rate', 'optimal'), ('svm__loss', 'hinge'), ('svm__n_iter_no_change', 20), ('svm__penalty', 'l1'), ('svm__power_t', 4.9623118789234715)])",0.9172886379357479,0.9457416882469254,0.9442941490782448,0.9444093249059426,0.8828948657275684,0.935344497025009,0.9358493935744123,0.9316234617395562,0.8992717515345385,0.9331441009290019,0.9269861870696948,0.01992214625387651,27
48,440.8730173587799,26.081610577088696,0.8266618251800537,0.16727271253460957,0.0001,False,0.01,adaptive,hinge,20,l1,0.2385742931346557,"OrderedDict([('svm__alpha', 0.0001), ('svm__average', False), ('svm__eta0', 0.01), ('svm__learning_rate', 'adaptive'), ('svm__loss', 'hinge'), ('svm__n_iter_no_change', 20), ('svm__penalty', 'l1'), ('svm__power_t', 0.2385742931346557)])",0.9482860461609688,0.9515754281308857,0.9453558527472221,0.9461490142772011,0.9430874228630245,0.945905868901036,0.9452854467236357,0.9488309422878605,0.9457314680589199,0.9440040219127607,0.9464211512063516,0.0023674390855397643,1
49,432.204892206192,27.08809390298789,0.9009793996810913,0.19933535754111265,0.0001,False,0.01,adaptive,hinge,20,l1,4.9529706496161205,"OrderedDict([('svm__alpha', 0.0001), ('svm__average', False), ('svm__eta0', 0.01), ('svm__learning_rate', 'adaptive'), ('svm__loss', 'hinge'), ('svm__n_iter_no_change', 20), ('svm__penalty', 'l1'), ('svm__power_t', 4.9529706496161205)])",0.9482860461609688,0.9515754281308857,0.9453558527472221,0.9461490142772011,0.9430874228630245,0.945905868901036,0.9452854467236357,0.9488309422878605,0.9457314680589199,0.9440040219127607,0.9464211512063516,0.0023674390855397643,1
